{
  "metadata": {
    "graph_name": "curated_baseline",
    "n_nodes": 130,
    "n_edges": 218,
    "weighted": false,
    "alpha": 0.5,
    "n_perms": 200,
    "timestamp": "20260702_133025"
  },
  "edge_features_summary": {
    "orc": {
      "mean": 0.055478771992533656,
      "std": 0.3013259998056432,
      "min": -0.8674242424242413,
      "max": 1.0
    },
    "jaccard": {
      "mean": 0.12874192259432984,
      "std": 0.09566631156117587,
      "min": 0.0,
      "max": 0.7142857142857143
    },
    "betweenness": {
      "mean": 0.012142149863506809,
      "std": 0.021103059121248748,
      "min": 0.00011926058437686345,
      "max": 0.16249254621347645
    },
    "clustering": {
      "mean": 0.7924048683222995,
      "std": 0.3444788272203855,
      "min": 0.0,
      "max": 1.0
    },
    "spectral_gap": {
      "mean": 2.5463830840026528e-18,
      "std": 2.6462789262159132e-17,
      "min": 0.0,
      "max": 2.7755575615628914e-16
    }
  },
  "degree_curvature": {
    "r": -0.5691584726860223,
    "p": 0.00010307946913179986,
    "n_nodes": 41
  },
  "edge_null": {
    "n_tested": 118,
    "n_bottleneck": 5,
    "n_redundant": 36,
    "bottleneck_edges": {
      "('Depression', 'depression_convergence')": {
        "kappa_obs": -0.8674242424242413,
        "z": -4.406405885879611,
        "mean_null": -0.40521452846219164,
        "std_null": 0.10489494747708267,
        "n_samples": 107
      },
      "('Depression', 'metabolic')": {
        "kappa_obs": -0.7803030303030298,
        "z": -3.649862900188003,
        "mean_null": -0.39902115211521105,
        "std_null": 0.10446471240554792,
        "n_samples": 101
      },
      "('Depression', 'circadian')": {
        "kappa_obs": -0.6749999999999996,
        "z": -2.759189895618913,
        "mean_null": -0.41028645833333305,
        "std_null": 0.09593886310144259,
        "n_samples": 96
      },
      "('Bipolar', 'metabolic')": {
        "kappa_obs": -0.6931818181818179,
        "z": -2.652763974491865,
        "mean_null": -0.430681818181818,
        "std_null": 0.09895339446860574,
        "n_samples": 40
      },
      "('Depression', 'IL6_inflammation')": {
        "kappa_obs": -0.5714285714285712,
        "z": -2.0035701288555026,
        "mean_null": -0.39157383136740914,
        "std_null": 0.08976712992017918,
        "n_samples": 109
      }
    },
    "redundant_edges": {
      "('Autoimmune', 'autoimmune')": {
        "kappa_obs": 0.5833333333333333,
        "z": 7.426139036107964,
        "mean_null": -0.3833333333333332,
        "std_null": 0.1301708279317776,
        "n_samples": 10
      },
      "('Thyroid-Metabolic', 'thyroid')": {
        "kappa_obs": 0.10000000000000009,
        "z": 7.00201178334373,
        "mean_null": -0.3916666666666668,
        "std_null": 0.07021791477646973,
        "n_samples": 24
      },
      "('FKBP5', 'claim_015')": {
        "kappa_obs": 0.16666666666666674,
        "z": 4.393880718307459,
        "mean_null": -0.3376623376623375,
        "std_null": 0.11477985786634505,
        "n_samples": 11
      },
      "('ASD', 'claim_038')": {
        "kappa_obs": 0.04166666666666652,
        "z": 4.230210628370101,
        "mean_null": -0.2994791666666665,
        "std_null": 0.08064511753751051,
        "n_samples": 16
      },
      "('FKBP5', 'claim_004')": {
        "kappa_obs": 0.16666666666666663,
        "z": 4.066229617344658,
        "mean_null": -0.31135531135531125,
        "std_null": 0.11755902224088793,
        "n_samples": 13
      },
      "('HPA_axis', 'claim_015')": {
        "kappa_obs": 0.10416666666666674,
        "z": 4.013109716196288,
        "mean_null": -0.25378787878787873,
        "std_null": 0.08919630181300463,
        "n_samples": 11
      },
      "('circadian', 'claim_047')": {
        "kappa_obs": 0.10000000000000009,
        "z": 3.504262746642216,
        "mean_null": -0.3149999999999999,
        "std_null": 0.11842719282327015,
        "n_samples": 10
      },
      "('PTSD', 'claim_017')": {
        "kappa_obs": 0.10416666666666685,
        "z": 3.4631956123459697,
        "mean_null": -0.3333333333333331,
        "std_null": 0.12632841137831002,
        "n_samples": 13
      },
      "('ASD', 'claim_037-inst')": {
        "kappa_obs": 0.16666666666666674,
        "z": 3.4234649695622954,
        "mean_null": -0.3486111111111111,
        "std_null": 0.1505135242682674,
        "n_samples": 15
      },
      "('HPA_axis', 'claim_041')": {
        "kappa_obs": 0.0,
        "z": 3.401680257083045,
        "mean_null": -0.3068181818181818,
        "std_null": 0.0901960674226565,
        "n_samples": 11
      },
      "('Sleep-Mood', 'circadian')": {
        "kappa_obs": 0.10000000000000009,
        "z": 3.164522169460945,
        "mean_null": -0.37799999999999995,
        "std_null": 0.15104966070799375,
        "n_samples": 25
      },
      "('claim_066', 'metabolic')": {
        "kappa_obs": 0.06818181818181857,
        "z": 3.154731621900287,
        "mean_null": -0.2744755244755238,
        "std_null": 0.10861695501404933,
        "n_samples": 13
      },
      "('Thyroid-Metabolic', 'claim_069')": {
        "kappa_obs": 0.10000000000000009,
        "z": 3.0096603051498647,
        "mean_null": -0.29500000000000004,
        "std_null": 0.1312440474840669,
        "n_samples": 10
      },
      "('IL6_inflammation', 'Mediator')": {
        "kappa_obs": -0.10714285714285698,
        "z": 2.97356776670011,
        "mean_null": -0.3798701298701296,
        "std_null": 0.09171718760925675,
        "n_samples": 11
      },
      "('circadian', 'claim_046')": {
        "kappa_obs": 0.10000000000000009,
        "z": 2.9203289743158445,
        "mean_null": -0.2791666666666667,
        "std_null": 0.12983697042402403,
        "n_samples": 12
      },
      "('claim_025', 'dopamine')": {
        "kappa_obs": 2.220446049250313e-16,
        "z": 2.8312667533405302,
        "mean_null": -0.3045454545454542,
        "std_null": 0.10756508696544752,
        "n_samples": 11
      },
      "('HPA_axis', 'claim_004')": {
        "kappa_obs": 0.10416666666666674,
        "z": 2.828294306680105,
        "mean_null": -0.30208333333333315,
        "std_null": 0.14363780991266864,
        "n_samples": 14
      },
      "('FKBP5', 'claim_017')": {
        "kappa_obs": 0.11904761904761907,
        "z": 2.7633178336686965,
        "mean_null": -0.3047619047619046,
        "std_null": 0.15336980735468145,
        "n_samples": 15
      },
      "('ASD', 'synaptic_pruning')": {
        "kappa_obs": 0.06250000000000033,
        "z": 2.7223992698236708,
        "mean_null": -0.36363636363636337,
        "std_null": 0.15652970832010416,
        "n_samples": 11
      },
      "('HPA_axis', 'claim_017')": {
        "kappa_obs": 0.14583333333333337,
        "z": 2.6539165196919496,
        "mean_null": -0.2274305555555555,
        "std_null": 0.14064643183735676,
        "n_samples": 12
      }
    }
  },
  "method_comparison": {
    "mean_orc": {
      "U": 233.5,
      "p": 0.011297132569784329,
      "cohens_d": 0.7337047631727852,
      "mean_threshold": 0.05238471019721036,
      "mean_rest": 0.17173408189033207,
      "n_threshold": 12,
      "n_rest": 72
    },
    "degree": {
      "U": 372.5,
      "p": 0.3018727467930107,
      "cohens_d": 0.32483249311935347,
      "mean_threshold": 1.8333333333333333,
      "mean_rest": 1.9861111111111112,
      "n_threshold": 12,
      "n_rest": 72
    },
    "betweenness": {
      "U": 423.5,
      "p": 0.8408492090985891,
      "cohens_d": 0.18926087992556362,
      "mean_threshold": 4.037467700258397e-05,
      "mean_rest": 0.00018406288843335946,
      "n_threshold": 12,
      "n_rest": 72
    },
    "clustering": {
      "U": 371.5,
      "p": 0.29375286274178725,
      "cohens_d": 0.400903022657149,
      "mean_threshold": 0.7222222222222222,
      "mean_rest": 0.8564814814814814,
      "n_threshold": 12,
      "n_rest": 72
    },
    "mean_jaccard": {
      "U": 395.5,